{
  "max_lag_order": 1,
  "max_search": 5,
  "determined_on": "train",
  "train_end_date": "2021-12-31",
  "aic_values": {
    "1": -16504.21130529717,
    "2": -16498.14593943196,
    "3": -16491.128550655205,
    "4": -16487.529410915635,
    "5": -16484.2699532192
  }
}