{
  "max_lag_order": 1,
  "max_search": 5,
  "determined_on": "train",
  "train_end_date": "2021-12-31",
  "aic_values": {
    "1": -16499.41806999255,
    "2": -16492.56600785307,
    "3": -16485.812318651664,
    "4": -16486.201250229446,
    "5": -16478.767442267475
  }
}