{
  "max_lag_order": 1,
  "determined_on": "train",
  "train_end_date": "2021-12-31",
  "aic_values": {
    "1": -16498.274420015794,
    "2": -16492.209376457507,
    "3": -16485.194599349485,
    "4": -16481.601582080908,
    "5": -16478.341301074233,
    "6": -16471.27147763807,
    "7": -16463.867664123656,
    "8": -16463.6008627211,
    "9": -16468.020385398126,
    "10": -16463.21488536785,
    "11": -16461.13024934578,
    "12": -16454.40247920961,
    "13": -16448.729921019793,
    "14": -16441.491499741773,
    "15": -16456.08162134743,
    "16": -16449.23650372507,
    "17": -16446.82754017025,
    "18": -16443.3053410178,
    "19": -16436.777067588922,
    "20": -16429.591010752025
  }
}