{
  "max_lag_order": 1,
  "max_search": 20,
  "determined_on": "train",
  "train_end_date": "2021-12-31",
  "aic_values": {
    "1": -16504.21130529717,
    "2": -16498.14593943196,
    "3": -16491.128550655205,
    "4": -16487.529410915635,
    "5": -16484.2699532192,
    "6": -16477.2074460776,
    "7": -16469.79930255841,
    "8": -16469.56178208113,
    "9": -16474.063649207146,
    "10": -16469.268268950957,
    "11": -16467.124915711214,
    "12": -16460.378258829034,
    "13": -16454.704841077943,
    "14": -16447.481124111833,
    "15": -16462.064061782992,
    "16": -16455.213916409793,
    "17": -16452.78138700329,
    "18": -16449.267665776446,
    "19": -16442.761975958856,
    "20": -16435.581001562154
  }
}